round,w1,w2,w3,w4
0,0.0,1.0,0.0,0.0
1,0.1,0.30000000000000004,0.5,0.1
2,0.0,1.0,0.0,0.0
3,0.0,0.0,0.0,1.0
4,1.0,0.0,0.0,0.0
5,0.1,0.30000000000000004,0.5,0.1
6,0.0,0.0,0.0,1.0
7,0.0,1.0,0.0,0.0
8,0.0,0.0,0.0,1.0
9,0.0,0.0,0.0,1.0
10,0.0,0.0,0.0,1.0
11,0.0,0.0,0.0,1.0
12,0.0,0.0,0.0,1.0
13,0.1,0.1,0.8,0.0
14,0.0,0.7000000000000001,0.30000000000000004,0.0
15,0.1,0.30000000000000004,0.5,0.1
16,0.1,0.30000000000000004,0.5,0.1
17,0.0,0.0,0.0,1.0
18,0.0,0.0,0.0,1.0
19,0.1,0.30000000000000004,0.5,0.1
20,0.1,0.30000000000000004,0.5,0.1
21,0.0,0.0,0.0,1.0
22,0.1,0.30000000000000004,0.5,0.1
23,0.0,0.0,1.0,0.0
24,1.0,0.0,0.0,0.0
25,0.0,0.0,0.30000000000000004,0.7000000000000001
26,0.0,0.0,0.0,1.0
27,1.0,0.0,0.0,0.0
28,0.0,1.0,0.0,0.0
29,0.0,0.0,0.0,1.0
30,0.0,1.0,0.0,0.0
31,0.0,0.0,0.30000000000000004,0.7000000000000001
32,0.6000000000000001,0.1,0.30000000000000004,0.0
33,0.0,1.0,0.0,0.0
34,0.0,0.0,1.0,0.0
35,0.1,0.30000000000000004,0.5,0.1
36,0.1,0.30000000000000004,0.5,0.1
37,0.0,0.0,0.0,1.0
38,0.0,0.0,0.0,1.0
39,0.0,0.1,0.8,0.1
40,0.1,0.30000000000000004,0.5,0.1
41,0.0,1.0,0.0,0.0
42,0.0,1.0,0.0,0.0
43,1.0,0.0,0.0,0.0
44,0.1,0.30000000000000004,0.5,0.1
45,0.5,0.5,0.0,0.0
46,0.0,0.0,0.0,1.0
47,0.0,1.0,0.0,0.0
48,0.0,0.0,0.0,1.0
49,0.1,0.30000000000000004,0.5,0.1
50,1.0,0.0,0.0,0.0
51,0.1,0.30000000000000004,0.5,0.1
52,0.1,0.30000000000000004,0.5,0.1
53,0.0,0.0,0.0,1.0
54,0.0,0.0,0.0,1.0
55,0.1,0.30000000000000004,0.5,0.1
56,0.1,0.30000000000000004,0.5,0.1
57,0.0,0.0,0.0,1.0
58,0.0,0.1,0.30000000000000004,0.6000000000000001
59,0.0,1.0,0.0,0.0
60,0.0,0.0,0.0,1.0
61,0.0,0.0,0.0,1.0
62,0.1,0.1,0.6000000000000001,0.2
63,0.0,0.0,0.0,1.0
64,0.0,0.0,0.0,1.0
65,0.1,0.30000000000000004,0.5,0.1
66,0.0,0.0,0.0,1.0
67,0.0,0.0,0.0,1.0
68,0.0,0.0,0.0,1.0
69,0.1,0.30000000000000004,0.5,0.1
70,0.1,0.30000000000000004,0.5,0.1
71,0.0,1.0,0.0,0.0
72,0.0,0.0,0.0,1.0
73,0.0,0.0,0.0,1.0
74,0.1,0.30000000000000004,0.5,0.1
